Product Category,Elasticity,R2,N,Elasticity Type
Bikes,-0.36637290132456835,0.36365064235282185,6995,Inelastic (<1)
Clothing,-0.12407475148413974,0.12139786206234571,5178,Inelastic (<1)
Accessories,-0.10659048876162439,0.10560653151591859,22334,Inelastic (<1)
